Alchimiste;Bâton 1d4;Huile, 1 flasque
Apiculteur;Bâton 1d4;Pot de miel
Apprenti mage;Dague 1d4/1d10 3/6/9;Grimoire noir
Armurier;Marteau (comme Gourdin 1d4);Heaume en fer
Astrologue;Dague 1d4/1d10 3/6/9;Longue-vue
Barbier;Rasoir (comme Dague 1d4/1d10 3/6/9);Ciseaux
Bedeau;Bâton 1d4;Symbole sacré
Berger;Bâton 1d4;Chien de berger**
Boucher;Hachoir (comme Hachette 1d6 3/6/9);Tranche de viande
Bouffon;Fléchette 1d4 6/12/18;Vêtements de soie
Bûcheron;Hachette 1d6 3/6/9;Fagot de bois
Bûcheron;Hachette 1d6 3/6/9;Fagot de bois
Bûcheron;Hachette 1d6 3/6/9;Fagot de bois
Chaman;Masse 1d6;Herbes, 500 g
Charron;Gourdin 1d4;Charrette à bras***
Chasseur;Arc court* 1d6 15/30/45;Peau de cerf
Chasseur;Arc court* 1d6 15/30/45;Peau de cerf
Collecteur d’impôts;Épée longue 1d8;100 pc
Contrebandier;Fronde 1d4 12/25/50;Sac étanche
Cordier;Couteau (comme Dague 1d4/1d10 3/6/9);Corde, 30 m
Cordonnier;Poinçon (comme Dague 1d4/1d10 3/6/9);Chausse-pied
Coupeur de bourse;Dague 1d4/1d10 3/6/9;Petit coffre
Diseur de bonne aventure;Dague 1d4/1d10 3/6/9;Jeu de tarot
Docker;Perche (comme Bâton 1d4);1 livre de JdR en retard
Dresseur;Gourdin 1d4;Poney
Écuyer;Épée longue 1d8;Heaume en acier
Écuyer;Épée longue 1d8;Heaume en acier
Elfe artisan;Bâton 1d4;Argile, 500 g
Elfe avocat;Plume (comme Fléchette 1d4 6/12/18);Livre
Elfe cirier;Ciseaux (comme Dague 1d4/1d10 3/6/9);Chandelles, 20
Elfe fauconnier;Dague 1d4/1d10 3/6/9;Faucon
Elfe forestier;Bâton 1d4;Herbes, 500 g
Elfe forestier;Bâton 1d4;Herbes, 500 g
Elfe navigateur;Arc court* 1d6 15/30/45;Longue-vue
Elfe sage;Dague 1d4/1d10 3/6/9;Parchemin et plume
Elfe sage;Dague 1d4/1d10 3/6/9;Parchemin et plume
Elfe souffleur de verre;Marteau (comme Gourdin 1d4);Perles de verre
Esclave;Gourdin 1d4;Caillou de forme bizarre
Escroc;Dague 1d4/1d10 3/6/9;Cape de qualité
Excavateur;Pelle (comme Bâton 1d4);Poussière fine, 500 g
Fermier*;Fourche (comme Lance 1d8);Poule**
Fermier*;Fourche (comme Lance 1d8);Poule**
Fermier*;Fourche (comme Lance 1d8);Poule**
Fermier*;Fourche (comme Lance 1d8);Poule**
Fermier*;Fourche (comme Lance 1d8);Poule**
Fermier*;Fourche (comme Lance 1d8);Poule**
Fermier*;Fourche (comme Lance 1d8);Poule**
Fermier*;Fourche (comme Lance 1d8);Poule**
Fermier*;Fourche (comme Lance 1d8);Poule**
Forgeron;Marteau (comme Gourdin 1d4);Pinces en acier
Fossoyeur;Pelle (comme Bâton 1d4);Truelle
Fossoyeur;Pelle (comme Bâton 1d4);Truelle
Fromager;Matraque (comme Bâton 1d4);Fromage puant
Gamin des rues;Bout de bois (comme Gourdin 1d4);Sébile
Garde de caravane;Épée courte 1d6;Drap, 1 m
Guérisseur;Gourdin 1d4;Eau bénite, 1 fiole
Halfelin bohémien;Fronde 1d4 12/25/50;Poupée vaudou
Halfelin gantier;Poinçon (comme Dague 1d4/1d10 3/6/9);Gants, 4 paires
Halfelin marin;Couteau (comme Dague 1d4/1d10 3/6/9);Voile, 2 m
Halfelin mercier;Ciseaux (comme Dague 1d4/1d10 3/6/9);Costumes, 3 ensembles
Halfelin négociant;Épée courte 1d6;20 pa
Halfelin teinturier;Bâton 1d4;Tissu, 3 m
Halfelin teinturier;Bâton 1d4;Tissu, 3 m
Halfelin usurier;Épée courte 1d6;5 po, 10 pa, 200 pc
Halfelin vagabond;Gourdin 1d4;Coupelle de mendiant
Halfelin volailler;Hachette 1d6 3/6/9;Viande de poulet, 2 kg
Herboriste;Gourdin 1d4;Herbes, 500 g
Hors-la-loi;Épée courte 1d6;Armure de cuir
Joaillier;Dague 1d4/1d10 3/6/9;Gemmes valant 20 po
Joueur;Gourdin 1d4;Dés
Maraîcher;Couteau (comme Dague 1d4/1d10 3/6/9);Fruit
Marchand;Dague 1d4/1d10 3/6/9;4 po, 14 pa, 27 pc
Mendiant;Gourdin 1d4;Fromage
Mendiant de guilde;Fronde 1d4 12/25/50;Béquilles
Mendiant de guilde;Fronde 1d4 12/25/50;Béquilles
Ménestrel;Dague 1d4/1d10 3/6/9;Ukulélé
Mercenaire;Épée longue 1d8;Armure de peau
Meunier/Boulanger;Gourdin 1d4;Farine, 500 g
Nain apothicaire;Matraque (comme Bâton 1d4);Flacon en acier
Nain coffretier;Burin (comme Dague 1d4/1d10 3/6/9);Bois, 5 kg
Nain éleveur;Bâton 1d4;Truie**
Nain forgeron;Marteau (comme Gourdin 1d4);Mithril, 30 g
Nain maçon;Marteau (comme Gourdin 1d4);Pierre, 5 kg
Nain maçon;Marteau (comme Gourdin 1d4);Pierre, 5 kg
Nain mineur;Pioche (comme Gourdin 1d4);Lanterne
Nain mineur;Pioche (comme Gourdin 1d4);Lanterne
Nain myciculteur;Pelle (comme Bâton 1d4);Sacoche
Nain ratier;Gourdin 1d4;Filet
Noble;Épée longue 1d8;Anneau d’or (10 po)
Orphelin;Gourdin 1d4;Poupée de chiffon
Palefrenier;Bâton 1d4;Bride
Scribe;Fléchette 1d4 6/12/18;Parchemin, 10 feuilles
Serrurier;Dague 1d4/1d10 3/6/9;Outils de précision
Serviteur;Bâton 1d4;Médaillon
Soldat;Lance 1d8;Bouclier
Tisserand;Dague 1d4/1d10 3/6/9;Vêtements de qualité
Tonnelier;Pied-de-biche (comme Gourdin 1d4);Tonneau
Trappeur;Fronde 1d4 12/25/50;Fourrure de blaireau
Trappeur;Fronde 1d4 12/25/50;Fourrure de blaireau
Vidangeur de latrines;Truelle (comme Dague 1d4/1d10 3/6/9);Sac d’excréments
